Jan. 24, 2023, 22:28;EUR
Jan. 27, 2023, 12:41;EUR
Jan. 27, 2023, 12:44;EUR
Jan. 27, 2023, 12:47;EUR
Jan. 27, 2023, 12:47;EUR
Jan. 27, 2023, 12:47;EUR
Jan. 27, 2023, 13:29;EUR
Jan. 27, 2023, 14:20;EUR
Jan. 31, 2023, 17:52;EUR
Jan. 31, 2023, 21:17;EUR
Feb. 06, 2023, 23:09;EUR
Feb. 16, 2023, 21:44;EUR
Feb. 16, 2023, 21:47;EUR
Feb. 16, 2023, 21:51;EUR
Feb. 17, 2023, 04:03;EUR
Mar. 13, 2023, 10:05;EUR
Mar. 13, 2023, 10:09;EUR
Mar. 13, 2023, 10:12;EUR
Mar. 13, 2023, 10:13;EUR
Mar. 14, 2023, 15:18;EUR
Mar. 14, 2023, 15:19;EUR
Mar. 14, 2023, 15:20;EUR
Mar. 18, 2023, 00:41;EUR
Mar. 26, 2023, 17:34;EUR
Mar. 26, 2023, 17:38;EUR
Mar. 26, 2023, 17:39;EUR
Mar. 31, 2023, 14:10;EUR
Apr. 03, 2023, 18:02;EUR
Apr. 03, 2023, 18:02;EUR
Apr. 04, 2023, 07:14;EUR
Apr. 16, 2023, 21:09;EUR
Apr. 16, 2023, 21:10;EUR
Apr. 16, 2023, 21:10;EUR
Jun. 13, 2023, 21:54;EUR
Jun. 13, 2023, 21:54;EUR
Jun. 13, 2023, 21:55;EUR
Jun. 13, 2023, 21:56;EUR
Jul. 10, 2023, 16:01;EUR
Jul. 10, 2023, 16:02;EUR
Jul. 13, 2023, 19:55;EUR
Jul. 13, 2023, 19:56;EUR
Jul. 13, 2023, 20:31;EUR
Jul. 14, 2023, 18:31;EUR
Jul. 16, 2023, 11:06;EUR
Jul. 18, 2023, 18:37;EUR
Jul. 19, 2023, 08:23;EUR
Jul. 25, 2023, 12:05;EUR
Jul. 29, 2023, 13:17;EUR
Jul. 29, 2023, 13:20;EUR
Aug. 04, 2023, 20:37;EUR
Aug. 15, 2023, 19:38;EUR
Aug. 15, 2023, 19:40;EUR
Nov. 23, 2023, 11:37;EUR
Nov. 23, 2023, 11:37;EUR
Nov. 23, 2023, 11:41;EUR
Nov. 23, 2023, 11:44;EUR
Dec. 06, 2023, 19:33;EUR
Dec. 06, 2023, 19:43;EUR
Dec. 07, 2023, 16:59;EUR
Dec. 07, 2023, 21:18;EUR
Dec. 08, 2023, 12:33;EUR
Dec. 08, 2023, 21:08;EUR
Dec. 09, 2023, 20:07;EUR